{
  "FormaUITests/FormaUITestsLaunchTests.swift": 1776919718.1676161,
  "FormaUITests/FormaUITests.swift": 1776919718.1674476,
  "Forma/ConfettiOverlay.swift": 1776919718.1268866,
  "Forma/MenteeChatBubble.swift": 1776919718.1320977,
  "Forma/HabitBackend.swift": 1777314932.6364279,
  "Forma/RiveCharacterView.swift": 1776967230.5745203,
  "Forma/SettingsPanel.swift": 1777099050.685071,
  "Forma/SpeechBubbleNudge.swift": 1776919718.1336424,
  "Forma/FormaTransition.swift": 1776919718.1296694,
  "Forma/StatsSidebar.swift": 1776957121.5446167,
  "Forma/OverduePenaltyStore.swift": 1776919718.1329858,
  "Forma/CanonicalHabits.swift": 1777038385.9971664,
  "Forma/FloatingCheckPill.swift": 1776919718.1278608,
  "Forma/ChatMessageRow.swift": 1777314962.13842,
  "Forma/SyncEngine.swift": 1777253579.8600824,
  "Forma/FormaIconView.swift": 1776919718.1289809,
  "Forma/AppleProfileSetupView.swift": 1777315637.9007325,
  "Forma/LoopingVideoView.swift": 1776962244.9349303,
  "Forma/CenterPanel.swift": 1777046346.4371774,
  "Forma/TimeReminderManager.swift": 1777080580.2256806,
  "Forma/HabitMetrics.swift": 1777084398.4927394,
  "Forma/WidgetSnapshotWriter.swift": 1777253704.551413,
  "Forma/ContentViewScaffold.swift": 1777253547.588387,
  "Forma/KeychainSessionStore.swift": 1776919718.1315725,
  "Forma/HabitViews.swift": 1777070998.6641753,
  "Forma/MentorChatBubble.swift": 1776967209.1683037,
  "Forma/CleanShotTheme.swift": 1776919718.126735,
  "Forma/BackendNetworking.swift": 1777271391.221479,
  "Forma/WalkerState.swift": 1776962302.1046042,
  "Forma/VerificationHelpSheet.swift": 1777075495.1145425,
  "Forma/CleanShotStyle.swift": 1776960046.2747571,
  "Forma/FormaApp.swift": 1777255724.5328858,
  "Forma/AuthViews.swift": 1777256233.1666613,
  "Forma/OnboardingView.swift": 1777075509.8704374,
  "Forma/Habit.swift": 1777069493.6703358,
  "Forma/ContentView.swift": 1777253638.817493,
  "Forma/EdgePanelHandle.swift": 1776919718.1277354,
  "Forma/VerificationService.swift": 1777068457.1039593,
  "Forma/HabitCompletion.swift": 1777038385.9973884,
  "Forma/NetworkMonitor.swift": 1776919718.1326308,
  "Forma/AutoVerificationCoordinator.swift": 1777084300.7528126,
  "Forma/FormaIntroView.swift": 1777256461.2861943,
  "Forma/CalendarViews.swift": 1776919718.1242397,
  "FormaTests/FormaTests.swift": 1776919718.166447,
  "FormaTests/CanonicalHabitsTests.swift": 1777046547.5898142,
  "FormaShared/WidgetSnapshot.swift": 1776957512.4344432,
  "FormaShared/ToggleHabitIntent.swift": 1776919718.164666,
  "FormaWidgets/XPLevelWidget.swift": 1776957603.6198027,
  "FormaWidgets/DashboardWidget.swift": 1776919718.1706107,
  "FormaWidgets/FormaWidgetsBundle.swift": 1776924850.3497667,
  "FormaWidgets/MenteeViewWidget.swift": 1776919718.1734438,
  "FormaWidgets/SnapshotTimelineProvider.swift": 1776919718.174307,
  "FormaWidgets/WeeklyWidget.swift": 1776919718.1760283,
  "FormaWidgets/ChecklistWidget.swift": 1776919718.1688852,
  "FormaWidgets/WidgetStyles.swift": 1776919718.1769493,
  "FormaWidgets/CommandCenterWidget.swift": 1776957611.2483587,
  "FormaWidgets/LeaderboardWidget.swift": 1776919718.1725926,
  "FormaWidgets/FriendsProgressWidget.swift": 1776919718.171298,
  "FormaWidgets/TodayRingWidget.swift": 1776919718.1755977,
  "FormaWidgets/StreakWidget.swift": 1776919718.1747196,
  "FORMA_iOS_DESIGN_BRIEF.md": 1776919718.106286,
  "GEMINI.md": 1776704024.474164,
  "AGENTS.md": 1776919718.1054492,
  "CLAUDE.md": 1777047392.5841198,
  "Forma/Assets.xcassets/AppIcon.appiconset/icon_32x32@2x.png": 1776919718.1180396,
  "Forma/Assets.xcassets/AppIcon.appiconset/icon_128x128.png": 1776919718.113809,
  "Forma/Assets.xcassets/AppIcon.appiconset/icon_256x256@2x.png": 1776919718.1175778,
  "Forma/Assets.xcassets/AppIcon.appiconset/icon_32x32.png": 1776919718.117747,
  "Forma/Assets.xcassets/AppIcon.appiconset/icon_512x512.png": 1776919718.1187153,
  "Forma/Assets.xcassets/AppIcon.appiconset/icon_1024.png": 1776919718.1132946,
  "Forma/Assets.xcassets/AppIcon.appiconset/icon_16x16.png": 1776919718.1154459,
  "Forma/Assets.xcassets/AppIcon.appiconset/icon_16x16@2x.png": 1776919718.1156714,
  "Forma/Assets.xcassets/AppIcon.appiconset/icon_128x128@2x.png": 1776919718.1150398,
  "Forma/Assets.xcassets/AppIcon.appiconset/icon_512x512@2x.png": 1776919718.1207876,
  "Forma/Assets.xcassets/AppIcon.appiconset/icon_256x256.png": 1776919718.1159208,
  "Forma/walk-jazz-01.mov": 1776919718.162875,
  "Forma/walk-bruce-01.mov": 1776919718.1474402
}