{
  "habit-tracker-macosTests/habit_tracker_macosTests.swift": 1776488418.3252802,
  "habit-tracker-macos/ConfettiOverlay.swift": 1776357888.4037173,
  "habit-tracker-macos/habit_tracker_macosApp.swift": 1776487145.8414004,
  "habit-tracker-macos/MenteeChatBubble.swift": 1776394609.4553926,
  "habit-tracker-macos/HabitBackend.swift": 1776489706.4035351,
  "habit-tracker-macos/RiveCharacterView.swift": 1776398528.072616,
  "habit-tracker-macos/SettingsPanel.swift": 1776483723.8483834,
  "habit-tracker-macos/SpeechBubbleNudge.swift": 1776358886.68846,
  "habit-tracker-macos/StatsSidebar.swift": 1776402395.094451,
  "habit-tracker-macos/FloatingCheckPill.swift": 1776479472.4505506,
  "habit-tracker-macos/ChatMessageRow.swift": 1776358884.7084873,
  "habit-tracker-macos/SyncEngine.swift": 1776374642.472615,
  "habit-tracker-macos/LoopingVideoView.swift": 1776358891.930619,
  "habit-tracker-macos/CenterPanel.swift": 1776488084.0565524,
  "habit-tracker-macos/TimeReminderManager.swift": 1776489758.7219195,
  "habit-tracker-macos/HabitMetrics.swift": 1776488399.4857247,
  "habit-tracker-macos/ContentViewScaffold.swift": 1776489751.865114,
  "habit-tracker-macos/HabitViews.swift": 1776488060.048817,
  "habit-tracker-macos/MentorChatBubble.swift": 1776394653.6838715,
  "habit-tracker-macos/CleanShotTheme.swift": 1776357888.4016967,
  "habit-tracker-macos/BackendNetworking.swift": 1776489671.6865118,
  "habit-tracker-macos/WalkerState.swift": 1776359567.8675086,
  "habit-tracker-macos/CleanShotStyle.swift": 1776357888.4038887,
  "habit-tracker-macos/AuthViews.swift": 1776487145.8346992,
  "habit-tracker-macos/OnboardingView.swift": 1776478907.804562,
  "habit-tracker-macos/Habit.swift": 1776488934.1215053,
  "habit-tracker-macos/ContentView.swift": 1776489773.6712909,
  "habit-tracker-macos/EdgePanelHandle.swift": 1776488304.3457668,
  "habit-tracker-macos/CalendarViews.swift": 1776488406.2200956,
  "habit-tracker-macosUITests/habit_tracker_macosUITests.swift": 1776223504.89706,
  "habit-tracker-macosUITests/habit_tracker_macosUITestsLaunchTests.swift": 1776223504.8982646,
  "AGENTS.md": 1776363055.1310475,
  "CLAUDE.md": 1776229639.6194696,
  "habit-tracker-macos/walk-jazz-01.mov": 1776355410.6017082,
  "habit-tracker-macos/walk-bruce-01.mov": 1776306375.1596513
}